{"cameraMode":{"drawMode":0,"name":"Shaded","section":"Shading Mode"},"sceneLighting":false,"audioPlay":false,"sceneViewState":{"showFog":true,"showMaterialUpdate":false,"showSkybox":false,"showFlares":true,"showImageEffects":true,"showParticleSystems":true},"in2DMode":false,"pivot":{"x":8.212915420532227,"y":3.2258968353271486,"z":-0.7928075790405273},"rotation":{"x":0.3023589551448822,"y":0.6207222938537598,"z":-0.28167662024497988,"w":0.6662982106208801},"size":45.183128356933597,"orthographic":false}