{"cameraMode":{"drawMode":0,"name":"Shaded","section":"Shading Mode"},"sceneLighting":true,"audioPlay":false,"sceneViewState":{"showFog":true,"showMaterialUpdate":false,"showSkybox":true,"showFlares":true,"showImageEffects":true,"showParticleSystems":true},"in2DMode":false,"pivot":{"x":-2.3400726318359377,"y":10.25,"z":31.514404296875},"rotation":{"x":0.47183412313461306,"y":-0.24726533889770509,"z":0.13977305591106416,"w":0.8346868753433228},"size":83.16101837158203,"orthographic":true}