{"cameraMode":{"drawMode":0,"name":"Shaded","section":"Shading Mode"},"sceneLighting":true,"audioPlay":false,"sceneViewState":{"showFog":true,"showMaterialUpdate":false,"showSkybox":true,"showFlares":true,"showImageEffects":true,"showParticleSystems":true},"in2DMode":false,"pivot":{"x":5.960464477539063e-8,"y":4.590000152587891,"z":-19.610000610351564},"rotation":{"x":0.7022484540939331,"y":-0.10826115310192108,"z":0.1093672513961792,"w":0.6951202750205994},"size":4.185499668121338,"orthographic":true}